Имя,Ссылка
Автомобильный магнитный держатель Essager,https://infoport.pro/magnitnyy-avtomobilnyy-derzhatel-dlya-telefona-essager.html
Флешка SanDisk 256 GB iXpand Go USB/Lightning (SDIX60N-256G-GN6NE),https://infoport.pro/fleshka-sandisk-256-gb-ixpand-go-usb/lightning-sdix60n-256g-gn6ne.html
Logitech C505e HD (960-001372),https://infoport.pro/veb-kamera-logitech-hd-webcam-c505.html
Logitech C930c,https://infoport.pro/veb-kamera-logitech-c930c.html
USB hub WIWU Adapter Apollo A20VH USB-C to HDMI+VGA HUB Silver,http://infoport.pro/hab-type-c-to-card-reader/usb30/hdmi.html
Мобильный Wi-Fi роутер 4G Tenda 4G07,https://infoport.pro/mobilnyy-wi-fi-router-4g-tenda-4g07.html
Мультимедійний проектор Xiaomi Wanbo X1,https://infoport.pro/led-proektor-xiaomi-wanbo-x1.html
Мультимедийный проектор ViviBright F40,https://infoport.pro/multimediynyy-proektor-vivibright-f40.html
Мультимедийный проектор  Everycom T6 (sync version),https://infoport.pro/hd-led-proektor-everycom-t6-wifi-sync-version.html
Amazon Echo Dot 4th Gen Twilight Blue (B085M66LH1),https://infoport.pro/umnaya-kolonka-amazon-echo-dot-clock-4nd-generation-s-golosovym-assistentom.html
Беспроводной микрофон караоке Lewinner L-698 DSP 20 Вт Black,https://infoport.pro/besprovodnoy-mikrofon-karaoke-lewinner-l-698-dsp-20-vt-black.html
Саундбар TCL TS8111,https://infoport.pro/saundbar-tcl-ts8111.html
Anker SoundCore Boost 20W Black (A3145H11),https://infoport.pro/portativnaya-kolonka-anker-soundcore-boost-black-a3145h11.html
Anker SoundCore Flare 2 Black (A3165G11),https://infoport.pro/portativna-akustika-anker-soundcore-flare-2-a3165g11.html
Портативные колонки Harman/Kardon Neo Space Gray (HKNEOGRY),https://infoport.pro/portativnye-kolonki-harman/kardon-neo-space-gray-hkneogry.html
Аудио передатчик BLS-TX19 Bluetooth 5.2 + EDR,https://infoport.pro/audio-peredatchik-tx19-bluetooth-52-edr.html
Аудио Bluetooth 5.0  приемник передатчик ZF-360 ,https://infoport.pro/audio-bluetooth-50-priemnik-peredatchik-zf-360.html
Bluetooth приемник Prozor PST173 + конвертер,https://infoport.pro/bluetooth-transmitter-prozor-pst142.html
Bluetooth-ресивер UGREEN APTX Bluetooth 5.0 40757,https://infoport.pro/bluetooth-resiver-ugreen-aptx-bluetooth-50-40757.html
Графический планшет Huion H430P,https://infoport.pro/graficheskiy-planshet-huion-h430p.html
Графический планшет Gaomon PD1561,https://infoport.pro/graficheskiy-planshet-gaomon-pd1561.html
Графический планшет Gaomon S620,https://infoport.pro/graficheskiy-planshet-gaomon-s620.html
Wacom Intuos M Bluetooth Black (CTL-6100WLK-N),https://infoport.pro/graficheskiy-planshet-wacom-intuos-m-bluetooth-black-ctl-6100wlk-n.html
Wacom Intuos S Black (CTL-4100K-N),https://infoport.pro/graficheskiy-planshet-wacom-intuos-s-ctl-4100k.html
Пульт c  гіроскопом мікрофоном Q7,https://infoport.pro/giroskopicheskiy-pult-young-q7-mikrofon.html
G50S Fly Air mouse,https://infoport.pro/giroskopicheskiy-pult-g50.html
Пульт Q2 микрофон подсветка гироскоп,https://infoport.pro/42072/
Пульт  L336  обучаемый универсальный,https://infoport.pro/pult-l336-obuchaemyy-universalnyy.html
Клавиатура Riitek Rii i12 Plus,https://infoport.pro/klaviatura-riitek-rii-i12-plus.html
G10S Pro Fly Air mouse,https://infoport.pro/pult-air-mouse-g10s-pro-podsvetkoy-i-mikrofonom.html
Электронная книга с подсветкой Amazon Kindle Paperwhite 10th Gen. 8GB Black,https://infoport.pro/elektronnaya-kniga-s-podsvetkoy-amazon-kindle-paperwhite-10th-gen-8gb.html
"""Мышь Logitech G305 Lightspeed Black (910-005282, 910-005280)""",https://infoport.pro/mysh-logitech-g305-lightspeed-black.html
Sabbat E12 Ultra Rock and Roll Coffe,https://infoport.pro/naushniki-tws-polnostyu-besprovodnye-sabbat-e12-ultra-rock-and-roll-coffe.html
Sabbat E12 Ultra Bingbo Silve ,https://infoport.pro/naushniki-tws-polnostyu-besprovodnye-sabbat-e12-ultra-bingbo-silver.html
Anker Навушники Anker Soundcore Life Q10 ,https://infoport.pro/naushniki-s-mikrofonom-anker-soundcore-life-q10-a3032012.html
Наушники без микрофона Koss The PLUG Black,https://infoport.pro/naushniki-bez-mikrofona-koss-the-plug-black.html
Наушники Skullcandy DIME Chill Grey (S2DMW-P744),https://infoport.pro/naushniki-skullcandy-dime-chill-grey-s2dmw-p744.html
Наушники Skullcandy DIME True Black (S2DMW-P740),https://infoport.pro/naushniki-skullcandy-dime-true-black-s2dmw-p740.html
Цифровой диктофон ZOOM H1n Black,https://infoport.pro/tsifrovoy-diktofon-zoom-h1n-grey.html
Антигравитационный летающий плавающий глобус левитрон Globe Blue,https://infoport.pro/antigravitatsionnyy-letayushtiy-plavayushtiy-globus-levitron-globe-blue.html
Медиаплеер X96 Max Plus + 4/64Gb S905X3,https://infoport.pro/x96-max-plus-4/64gb-s905x3.html
Beelink GT King Pro 4/64Gb S922X,https://infoport.pro/beelink-gt-king-pro-4/64gb-s922x.html
Smart-stick медиаплеер Google Chromecast 3rd generation GA00439-US,https://infoport.pro/google-chromecast-3rd-generation-ga00439-us.html
Vontar X3 4/64Gb,https://infoport.pro/mediapleer-vontar-x3-4/64gb-s905x3.html
Ugoos AM6B Plus 4/32Gb,https://infoport.pro/mediapleer-ugoos-am6b-plus-4/32gb.html
